task,archive_cost,parent_cost,archive_valid,compliance_hold,source_path,candidate_path,changes,status,candidate_task,candidate_ok,candidate_valid_all_checked,candidate_examples_checked,candidate_examples_passed,candidate_examples_failed,candidate_memory,candidate_params,candidate_cost,candidate_points,candidate_file_size,candidate_sha256,candidate_error,delta_vs_archive,delta_vs_parent,accepted_derived
task002,14285,14285,True,True,E:\kongming\NGC-work\workplace C\neurogolf-2026-work\data\external\neurogolf7300_archive\onnx\task002.onnx,E:\kongming\NGC-work\workplace C\artifacts\cd_archive_one_round\task002.onnx,,unchanged,,,,,,,,,,,,,,,,
task009,6694,6585,True,True,E:\kongming\NGC-work\workplace C\neurogolf-2026-work\data\external\neurogolf7300_archive\onnx\task009.onnx,E:\kongming\NGC-work\workplace C\artifacts\cd_archive_one_round\task009.onnx,,unchanged,,,,,,,,,,,,,,,,
task010,1002,1002,True,True,E:\kongming\NGC-work\workplace C\neurogolf-2026-work\data\external\neurogolf7300_archive\onnx\task010.onnx,E:\kongming\NGC-work\workplace C\artifacts\cd_archive_one_round\task010.onnx,,unchanged,,,,,,,,,,,,,,,,
task015,900,900,True,True,E:\kongming\NGC-work\workplace C\neurogolf-2026-work\data\external\neurogolf7300_archive\onnx\task015.onnx,E:\kongming\NGC-work\workplace C\artifacts\cd_archive_one_round\task015.onnx,,unchanged,,,,,,,,,,,,,,,,
task020,1019,1256,True,True,E:\kongming\NGC-work\workplace C\neurogolf-2026-work\data\external\neurogolf7300_archive\onnx\task020.onnx,E:\kongming\NGC-work\workplace C\artifacts\cd_archive_one_round\task020.onnx,,unchanged,,,,,,,,,,,,,,,,
task028,99,168,True,True,E:\kongming\NGC-work\workplace C\neurogolf-2026-work\data\external\neurogolf7300_archive\onnx\task028.onnx,E:\kongming\NGC-work\workplace C\artifacts\cd_archive_one_round\task028.onnx,,unchanged,,,,,,,,,,,,,,,,
task029,5288,5284,True,True,E:\kongming\NGC-work\workplace C\neurogolf-2026-work\data\external\neurogolf7300_archive\onnx\task029.onnx,E:\kongming\NGC-work\workplace C\artifacts\cd_archive_one_round\task029.onnx,,unchanged,,,,,,,,,,,,,,,,
task030,1460,1803,True,True,E:\kongming\NGC-work\workplace C\neurogolf-2026-work\data\external\neurogolf7300_archive\onnx\task030.onnx,E:\kongming\NGC-work\workplace C\artifacts\cd_archive_one_round\task030.onnx,,unchanged,,,,,,,,,,,,,,,,
task032,910,910,True,True,E:\kongming\NGC-work\workplace C\neurogolf-2026-work\data\external\neurogolf7300_archive\onnx\task032.onnx,E:\kongming\NGC-work\workplace C\artifacts\cd_archive_one_round\task032.onnx,,unchanged,,,,,,,,,,,,,,,,
task036,1051,1589,True,True,E:\kongming\NGC-work\workplace C\neurogolf-2026-work\data\external\neurogolf7300_archive\onnx\task036.onnx,E:\kongming\NGC-work\workplace C\artifacts\cd_archive_one_round\task036.onnx,,unchanged,,,,,,,,,,,,,,,,
task041,460,1787,True,True,E:\kongming\NGC-work\workplace C\neurogolf-2026-work\data\external\neurogolf7300_archive\onnx\task041.onnx,E:\kongming\NGC-work\workplace C\artifacts\cd_archive_one_round\task041.onnx,,unchanged,,,,,,,,,,,,,,,,
task045,90,1673,True,True,E:\kongming\NGC-work\workplace C\neurogolf-2026-work\data\external\neurogolf7300_archive\onnx\task045.onnx,E:\kongming\NGC-work\workplace C\artifacts\cd_archive_one_round\task045.onnx,,unchanged,,,,,,,,,,,,,,,,
task046,2085,2069,True,True,E:\kongming\NGC-work\workplace C\neurogolf-2026-work\data\external\neurogolf7300_archive\onnx\task046.onnx,E:\kongming\NGC-work\workplace C\artifacts\cd_archive_one_round\task046.onnx,crop_conv:1,rejected,task046,True,True,267,267,0,1999,76,2075,17.3622835673352,6504,c10932a2512f3669bfc2df6415c01bd8c28369983c3e5db8d487513cc38d521c,,10,-6,False
task047,862,862,True,True,E:\kongming\NGC-work\workplace C\neurogolf-2026-work\data\external\neurogolf7300_archive\onnx\task047.onnx,E:\kongming\NGC-work\workplace C\artifacts\cd_archive_one_round\task047.onnx,,unchanged,,,,,,,,,,,,,,,,
task052,30,194,True,True,E:\kongming\NGC-work\workplace C\neurogolf-2026-work\data\external\neurogolf7300_archive\onnx\task052.onnx,E:\kongming\NGC-work\workplace C\artifacts\cd_archive_one_round\task052.onnx,,unchanged,,,,,,,,,,,,,,,,
task054,25144,25392,True,True,E:\kongming\NGC-work\workplace C\neurogolf-2026-work\data\external\neurogolf7300_archive\onnx\task054.onnx,E:\kongming\NGC-work\workplace C\artifacts\cd_archive_one_round\task054.onnx,,unchanged,,,,,,,,,,,,,,,,
task055,1856,1856,True,True,E:\kongming\NGC-work\workplace C\neurogolf-2026-work\data\external\neurogolf7300_archive\onnx\task055.onnx,E:\kongming\NGC-work\workplace C\artifacts\cd_archive_one_round\task055.onnx,,unchanged,,,,,,,,,,,,,,,,
task061,1668,1668,True,True,E:\kongming\NGC-work\workplace C\neurogolf-2026-work\data\external\neurogolf7300_archive\onnx\task061.onnx,E:\kongming\NGC-work\workplace C\artifacts\cd_archive_one_round\task061.onnx,,unchanged,,,,,,,,,,,,,,,,
task065,598,638,True,True,E:\kongming\NGC-work\workplace C\neurogolf-2026-work\data\external\neurogolf7300_archive\onnx\task065.onnx,E:\kongming\NGC-work\workplace C\artifacts\cd_archive_one_round\task065.onnx,,unchanged,,,,,,,,,,,,,,,,
task069,2949,2916,True,True,E:\kongming\NGC-work\workplace C\neurogolf-2026-work\data\external\neurogolf7300_archive\onnx\task069.onnx,E:\kongming\NGC-work\workplace C\artifacts\cd_archive_one_round\task069.onnx,crop_conv:1,rejected,task069,True,True,264,264,0,2864,55,2919,17.021003629145884,2844,34a593a6656a2e550a88922ef3a60dcbc2b9ff1253af3a247b27a5a1fa537b9c,,30,-3,False
task072,180,368,True,True,E:\kongming\NGC-work\workplace C\neurogolf-2026-work\data\external\neurogolf7300_archive\onnx\task072.onnx,E:\kongming\NGC-work\workplace C\artifacts\cd_archive_one_round\task072.onnx,,unchanged,,,,,,,,,,,,,,,,
task073,24,40,True,True,E:\kongming\NGC-work\workplace C\neurogolf-2026-work\data\external\neurogolf7300_archive\onnx\task073.onnx,E:\kongming\NGC-work\workplace C\artifacts\cd_archive_one_round\task073.onnx,,unchanged,,,,,,,,,,,,,,,,
task074,8394,8394,True,True,E:\kongming\NGC-work\workplace C\neurogolf-2026-work\data\external\neurogolf7300_archive\onnx\task074.onnx,E:\kongming\NGC-work\workplace C\artifacts\cd_archive_one_round\task074.onnx,,unchanged,,,,,,,,,,,,,,,,
task075,559,1487,True,True,E:\kongming\NGC-work\workplace C\neurogolf-2026-work\data\external\neurogolf7300_archive\onnx\task075.onnx,E:\kongming\NGC-work\workplace C\artifacts\cd_archive_one_round\task075.onnx,,unchanged,,,,,,,,,,,,,,,,
task077,7657,7234,True,True,E:\kongming\NGC-work\workplace C\neurogolf-2026-work\data\external\neurogolf7300_archive\onnx\task077.onnx,E:\kongming\NGC-work\workplace C\artifacts\cd_archive_one_round\task077.onnx,,unchanged,,,,,,,,,,,,,,,,
task081,464,464,True,True,E:\kongming\NGC-work\workplace C\neurogolf-2026-work\data\external\neurogolf7300_archive\onnx\task081.onnx,E:\kongming\NGC-work\workplace C\artifacts\cd_archive_one_round\task081.onnx,,unchanged,,,,,,,,,,,,,,,,
task082,190,190,True,True,E:\kongming\NGC-work\workplace C\neurogolf-2026-work\data\external\neurogolf7300_archive\onnx\task082.onnx,E:\kongming\NGC-work\workplace C\artifacts\cd_archive_one_round\task082.onnx,,unchanged,,,,,,,,,,,,,,,,
task087,5,5,True,True,E:\kongming\NGC-work\workplace C\neurogolf-2026-work\data\external\neurogolf7300_archive\onnx\task087.onnx,E:\kongming\NGC-work\workplace C\artifacts\cd_archive_one_round\task087.onnx,,unchanged,,,,,,,,,,,,,,,,
task089,3517,6739,True,True,E:\kongming\NGC-work\workplace C\neurogolf-2026-work\data\external\neurogolf7300_archive\onnx\task089.onnx,E:\kongming\NGC-work\workplace C\artifacts\cd_archive_one_round\task089.onnx,,unchanged,,,,,,,,,,,,,,,,
task091,2355,2730,True,True,E:\kongming\NGC-work\workplace C\neurogolf-2026-work\data\external\neurogolf7300_archive\onnx\task091.onnx,E:\kongming\NGC-work\workplace C\artifacts\cd_archive_one_round\task091.onnx,,unchanged,,,,,,,,,,,,,,,,
task094,2677,2671,True,True,E:\kongming\NGC-work\workplace C\neurogolf-2026-work\data\external\neurogolf7300_archive\onnx\task094.onnx,E:\kongming\NGC-work\workplace C\artifacts\cd_archive_one_round\task094.onnx,,unchanged,,,,,,,,,,,,,,,,
task095,208,345,True,True,E:\kongming\NGC-work\workplace C\neurogolf-2026-work\data\external\neurogolf7300_archive\onnx\task095.onnx,E:\kongming\NGC-work\workplace C\artifacts\cd_archive_one_round\task095.onnx,,unchanged,,,,,,,,,,,,,,,,
task096,7678,6850,True,True,E:\kongming\NGC-work\workplace C\neurogolf-2026-work\data\external\neurogolf7300_archive\onnx\task096.onnx,E:\kongming\NGC-work\workplace C\artifacts\cd_archive_one_round\task096.onnx,,unchanged,,,,,,,,,,,,,,,,
task099,504,1899,True,True,E:\kongming\NGC-work\workplace C\neurogolf-2026-work\data\external\neurogolf7300_archive\onnx\task099.onnx,E:\kongming\NGC-work\workplace C\artifacts\cd_archive_one_round\task099.onnx,,unchanged,,,,,,,,,,,,,,,,
task105,1467,2844,True,True,E:\kongming\NGC-work\workplace C\neurogolf-2026-work\data\external\neurogolf7300_archive\onnx\task105.onnx,E:\kongming\NGC-work\workplace C\artifacts\cd_archive_one_round\task105.onnx,,unchanged,,,,,,,,,,,,,,,,
task106,626,626,True,True,E:\kongming\NGC-work\workplace C\neurogolf-2026-work\data\external\neurogolf7300_archive\onnx\task106.onnx,E:\kongming\NGC-work\workplace C\artifacts\cd_archive_one_round\task106.onnx,,unchanged,,,,,,,,,,,,,,,,
task107,3576,3576,True,True,E:\kongming\NGC-work\workplace C\neurogolf-2026-work\data\external\neurogolf7300_archive\onnx\task107.onnx,E:\kongming\NGC-work\workplace C\artifacts\cd_archive_one_round\task107.onnx,,unchanged,,,,,,,,,,,,,,,,
task108,150,300,True,True,E:\kongming\NGC-work\workplace C\neurogolf-2026-work\data\external\neurogolf7300_archive\onnx\task108.onnx,E:\kongming\NGC-work\workplace C\artifacts\cd_archive_one_round\task108.onnx,,unchanged,,,,,,,,,,,,,,,,
task113,30,30,True,True,E:\kongming\NGC-work\workplace C\neurogolf-2026-work\data\external\neurogolf7300_archive\onnx\task113.onnx,E:\kongming\NGC-work\workplace C\artifacts\cd_archive_one_round\task113.onnx,,unchanged,,,,,,,,,,,,,,,,
task114,251,900,True,True,E:\kongming\NGC-work\workplace C\neurogolf-2026-work\data\external\neurogolf7300_archive\onnx\task114.onnx,E:\kongming\NGC-work\workplace C\artifacts\cd_archive_one_round\task114.onnx,,unchanged,,,,,,,,,,,,,,,,
task115,1014,1014,True,True,E:\kongming\NGC-work\workplace C\neurogolf-2026-work\data\external\neurogolf7300_archive\onnx\task115.onnx,E:\kongming\NGC-work\workplace C\artifacts\cd_archive_one_round\task115.onnx,,unchanged,,,,,,,,,,,,,,,,
task121,326,326,True,True,E:\kongming\NGC-work\workplace C\neurogolf-2026-work\data\external\neurogolf7300_archive\onnx\task121.onnx,E:\kongming\NGC-work\workplace C\artifacts\cd_archive_one_round\task121.onnx,,unchanged,,,,,,,,,,,,,,,,
task127,396,396,True,True,E:\kongming\NGC-work\workplace C\neurogolf-2026-work\data\external\neurogolf7300_archive\onnx\task127.onnx,E:\kongming\NGC-work\workplace C\artifacts\cd_archive_one_round\task127.onnx,,unchanged,,,,,,,,,,,,,,,,
task132,1260,3651,True,True,E:\kongming\NGC-work\workplace C\neurogolf-2026-work\data\external\neurogolf7300_archive\onnx\task132.onnx,E:\kongming\NGC-work\workplace C\artifacts\cd_archive_one_round\task132.onnx,,unchanged,,,,,,,,,,,,,,,,
task133,21274,21250,True,True,E:\kongming\NGC-work\workplace C\neurogolf-2026-work\data\external\neurogolf7300_archive\onnx\task133.onnx,E:\kongming\NGC-work\workplace C\artifacts\cd_archive_one_round\task133.onnx,,unchanged,,,,,,,,,,,,,,,,
task137,3389,3386,True,True,E:\kongming\NGC-work\workplace C\neurogolf-2026-work\data\external\neurogolf7300_archive\onnx\task137.onnx,E:\kongming\NGC-work\workplace C\artifacts\cd_archive_one_round\task137.onnx,,unchanged,,,,,,,,,,,,,,,,
task141,1383,1383,True,True,E:\kongming\NGC-work\workplace C\neurogolf-2026-work\data\external\neurogolf7300_archive\onnx\task141.onnx,E:\kongming\NGC-work\workplace C\artifacts\cd_archive_one_round\task141.onnx,,unchanged,,,,,,,,,,,,,,,,
task142,90,90,True,True,E:\kongming\NGC-work\workplace C\neurogolf-2026-work\data\external\neurogolf7300_archive\onnx\task142.onnx,E:\kongming\NGC-work\workplace C\artifacts\cd_archive_one_round\task142.onnx,,unchanged,,,,,,,,,,,,,,,,
task144,100,104,True,True,E:\kongming\NGC-work\workplace C\neurogolf-2026-work\data\external\neurogolf7300_archive\onnx\task144.onnx,E:\kongming\NGC-work\workplace C\artifacts\cd_archive_one_round\task144.onnx,,unchanged,,,,,,,,,,,,,,,,
task145,12855,12855,True,True,E:\kongming\NGC-work\workplace C\neurogolf-2026-work\data\external\neurogolf7300_archive\onnx\task145.onnx,E:\kongming\NGC-work\workplace C\artifacts\cd_archive_one_round\task145.onnx,,unchanged,,,,,,,,,,,,,,,,
task146,265,265,True,True,E:\kongming\NGC-work\workplace C\neurogolf-2026-work\data\external\neurogolf7300_archive\onnx\task146.onnx,E:\kongming\NGC-work\workplace C\artifacts\cd_archive_one_round\task146.onnx,,unchanged,,,,,,,,,,,,,,,,
task147,532,532,True,True,E:\kongming\NGC-work\workplace C\neurogolf-2026-work\data\external\neurogolf7300_archive\onnx\task147.onnx,E:\kongming\NGC-work\workplace C\artifacts\cd_archive_one_round\task147.onnx,,unchanged,,,,,,,,,,,,,,,,
task153,793,775,True,True,E:\kongming\NGC-work\workplace C\neurogolf-2026-work\data\external\neurogolf7300_archive\onnx\task153.onnx,E:\kongming\NGC-work\workplace C\artifacts\cd_archive_one_round\task153.onnx,,unchanged,,,,,,,,,,,,,,,,
task154,2679,2679,True,True,E:\kongming\NGC-work\workplace C\neurogolf-2026-work\data\external\neurogolf7300_archive\onnx\task154.onnx,E:\kongming\NGC-work\workplace C\artifacts\cd_archive_one_round\task154.onnx,,unchanged,,,,,,,,,,,,,,,,
task155,138,138,True,True,E:\kongming\NGC-work\workplace C\neurogolf-2026-work\data\external\neurogolf7300_archive\onnx\task155.onnx,E:\kongming\NGC-work\workplace C\artifacts\cd_archive_one_round\task155.onnx,,unchanged,,,,,,,,,,,,,,,,
task157,4039,6823,True,True,E:\kongming\NGC-work\workplace C\neurogolf-2026-work\data\external\neurogolf7300_archive\onnx\task157.onnx,E:\kongming\NGC-work\workplace C\artifacts\cd_archive_one_round\task157.onnx,,unchanged,,,,,,,,,,,,,,,,
task158,18560,26250,True,True,E:\kongming\NGC-work\workplace C\neurogolf-2026-work\data\external\neurogolf7300_archive\onnx\task158.onnx,E:\kongming\NGC-work\workplace C\artifacts\cd_archive_one_round\task158.onnx,crop_conv:1,accepted_derived,task158,True,True,266,266,0,17884,646,18530,15.172853680720594,6298,2bc70de0835bb0f07c0b47bf7f9043b0a10ea6fb900fded3dfcad59ae3f2c7fd,,30,7720,True
task159,1568,1568,True,True,E:\kongming\NGC-work\workplace C\neurogolf-2026-work\data\external\neurogolf7300_archive\onnx\task159.onnx,E:\kongming\NGC-work\workplace C\artifacts\cd_archive_one_round\task159.onnx,,unchanged,,,,,,,,,,,,,,,,
task160,1334,1334,True,True,E:\kongming\NGC-work\workplace C\neurogolf-2026-work\data\external\neurogolf7300_archive\onnx\task160.onnx,E:\kongming\NGC-work\workplace C\artifacts\cd_archive_one_round\task160.onnx,,unchanged,,,,,,,,,,,,,,,,
task164,30,30,True,True,E:\kongming\NGC-work\workplace C\neurogolf-2026-work\data\external\neurogolf7300_archive\onnx\task164.onnx,E:\kongming\NGC-work\workplace C\artifacts\cd_archive_one_round\task164.onnx,,unchanged,,,,,,,,,,,,,,,,
task165,4532,4528,True,True,E:\kongming\NGC-work\workplace C\neurogolf-2026-work\data\external\neurogolf7300_archive\onnx\task165.onnx,E:\kongming\NGC-work\workplace C\artifacts\cd_archive_one_round\task165.onnx,,unchanged,,,,,,,,,,,,,,,,
task166,24,24,True,True,E:\kongming\NGC-work\workplace C\neurogolf-2026-work\data\external\neurogolf7300_archive\onnx\task166.onnx,E:\kongming\NGC-work\workplace C\artifacts\cd_archive_one_round\task166.onnx,,unchanged,,,,,,,,,,,,,,,,
task167,75,146,True,True,E:\kongming\NGC-work\workplace C\neurogolf-2026-work\data\external\neurogolf7300_archive\onnx\task167.onnx,E:\kongming\NGC-work\workplace C\artifacts\cd_archive_one_round\task167.onnx,,unchanged,,,,,,,,,,,,,,,,
task173,,13383,,True,E:\kongming\NGC-work\workplace C\neurogolf-2026-work\data\external\neurogolf7300_archive\onnx\task173.onnx,E:\kongming\NGC-work\workplace C\artifacts\cd_archive_one_round\task173.onnx,,missing_archive,,,,,,,,,,,,,,,,
task178,762,762,True,True,E:\kongming\NGC-work\workplace C\neurogolf-2026-work\data\external\neurogolf7300_archive\onnx\task178.onnx,E:\kongming\NGC-work\workplace C\artifacts\cd_archive_one_round\task178.onnx,,unchanged,,,,,,,,,,,,,,,,
task180,210,210,True,True,E:\kongming\NGC-work\workplace C\neurogolf-2026-work\data\external\neurogolf7300_archive\onnx\task180.onnx,E:\kongming\NGC-work\workplace C\artifacts\cd_archive_one_round\task180.onnx,,unchanged,,,,,,,,,,,,,,,,
task182,6095,6095,True,True,E:\kongming\NGC-work\workplace C\neurogolf-2026-work\data\external\neurogolf7300_archive\onnx\task182.onnx,E:\kongming\NGC-work\workplace C\artifacts\cd_archive_one_round\task182.onnx,crop_conv:1,accepted_derived,task182,True,True,267,267,0,6024,41,6065,16.28971017862185,2057,afc8155aa54cdb907df289c288ebaf878f022c4f1c51db762535a3a7e27a3247,,30,30,True
task190,1656,2425,True,True,E:\kongming\NGC-work\workplace C\neurogolf-2026-work\data\external\neurogolf7300_archive\onnx\task190.onnx,E:\kongming\NGC-work\workplace C\artifacts\cd_archive_one_round\task190.onnx,,unchanged,,,,,,,,,,,,,,,,
task193,910,170,True,True,E:\kongming\NGC-work\workplace C\neurogolf-2026-work\data\external\neurogolf7300_archive\onnx\task193.onnx,E:\kongming\NGC-work\workplace C\artifacts\cd_archive_one_round\task193.onnx,,unchanged,,,,,,,,,,,,,,,,
task194,949,949,True,True,E:\kongming\NGC-work\workplace C\neurogolf-2026-work\data\external\neurogolf7300_archive\onnx\task194.onnx,E:\kongming\NGC-work\workplace C\artifacts\cd_archive_one_round\task194.onnx,,unchanged,,,,,,,,,,,,,,,,
task200,623,623,True,True,E:\kongming\NGC-work\workplace C\neurogolf-2026-work\data\external\neurogolf7300_archive\onnx\task200.onnx,E:\kongming\NGC-work\workplace C\artifacts\cd_archive_one_round\task200.onnx,,unchanged,,,,,,,,,,,,,,,,
task201,3046,3013,True,True,E:\kongming\NGC-work\workplace C\neurogolf-2026-work\data\external\neurogolf7300_archive\onnx\task201.onnx,E:\kongming\NGC-work\workplace C\artifacts\cd_archive_one_round\task201.onnx,crop_conv:1,rejected,task201,True,True,266,266,0,2876,140,3016,16.988313270872155,4672,d10ad63deca205db7ebdff49c1eea33aa3eb96bcc6dfe9de4c6f70d255db1914,,30,-3,False
task203,216,355,True,True,E:\kongming\NGC-work\workplace C\neurogolf-2026-work\data\external\neurogolf7300_archive\onnx\task203.onnx,E:\kongming\NGC-work\workplace C\artifacts\cd_archive_one_round\task203.onnx,,unchanged,,,,,,,,,,,,,,,,
task217,1470,1470,True,True,E:\kongming\NGC-work\workplace C\neurogolf-2026-work\data\external\neurogolf7300_archive\onnx\task217.onnx,E:\kongming\NGC-work\workplace C\artifacts\cd_archive_one_round\task217.onnx,,unchanged,,,,,,,,,,,,,,,,
task219,8715,8715,True,True,E:\kongming\NGC-work\workplace C\neurogolf-2026-work\data\external\neurogolf7300_archive\onnx\task219.onnx,E:\kongming\NGC-work\workplace C\artifacts\cd_archive_one_round\task219.onnx,,unchanged,,,,,,,,,,,,,,,,
task221,805,805,True,True,E:\kongming\NGC-work\workplace C\neurogolf-2026-work\data\external\neurogolf7300_archive\onnx\task221.onnx,E:\kongming\NGC-work\workplace C\artifacts\cd_archive_one_round\task221.onnx,,unchanged,,,,,,,,,,,,,,,,
task224,1552,1876,True,True,E:\kongming\NGC-work\workplace C\neurogolf-2026-work\data\external\neurogolf7300_archive\onnx\task224.onnx,E:\kongming\NGC-work\workplace C\artifacts\cd_archive_one_round\task224.onnx,,unchanged,,,,,,,,,,,,,,,,
task225,363,1031,True,True,E:\kongming\NGC-work\workplace C\neurogolf-2026-work\data\external\neurogolf7300_archive\onnx\task225.onnx,E:\kongming\NGC-work\workplace C\artifacts\cd_archive_one_round\task225.onnx,,unchanged,,,,,,,,,,,,,,,,
task226,1534,1534,True,True,E:\kongming\NGC-work\workplace C\neurogolf-2026-work\data\external\neurogolf7300_archive\onnx\task226.onnx,E:\kongming\NGC-work\workplace C\artifacts\cd_archive_one_round\task226.onnx,,unchanged,,,,,,,,,,,,,,,,
task229,180,200,True,True,E:\kongming\NGC-work\workplace C\neurogolf-2026-work\data\external\neurogolf7300_archive\onnx\task229.onnx,E:\kongming\NGC-work\workplace C\artifacts\cd_archive_one_round\task229.onnx,,unchanged,,,,,,,,,,,,,,,,
task230,900,460,True,True,E:\kongming\NGC-work\workplace C\neurogolf-2026-work\data\external\neurogolf7300_archive\onnx\task230.onnx,E:\kongming\NGC-work\workplace C\artifacts\cd_archive_one_round\task230.onnx,,unchanged,,,,,,,,,,,,,,,,
task232,1410,1410,True,True,E:\kongming\NGC-work\workplace C\neurogolf-2026-work\data\external\neurogolf7300_archive\onnx\task232.onnx,E:\kongming\NGC-work\workplace C\artifacts\cd_archive_one_round\task232.onnx,,unchanged,,,,,,,,,,,,,,,,
task236,126,126,True,True,E:\kongming\NGC-work\workplace C\neurogolf-2026-work\data\external\neurogolf7300_archive\onnx\task236.onnx,E:\kongming\NGC-work\workplace C\artifacts\cd_archive_one_round\task236.onnx,,unchanged,,,,,,,,,,,,,,,,
task237,725,1716,True,True,E:\kongming\NGC-work\workplace C\neurogolf-2026-work\data\external\neurogolf7300_archive\onnx\task237.onnx,E:\kongming\NGC-work\workplace C\artifacts\cd_archive_one_round\task237.onnx,,unchanged,,,,,,,,,,,,,,,,
task243,10710,10716,True,True,E:\kongming\NGC-work\workplace C\neurogolf-2026-work\data\external\neurogolf7300_archive\onnx\task243.onnx,E:\kongming\NGC-work\workplace C\artifacts\cd_archive_one_round\task243.onnx,,unchanged,,,,,,,,,,,,,,,,
task246,1274,2066,True,True,E:\kongming\NGC-work\workplace C\neurogolf-2026-work\data\external\neurogolf7300_archive\onnx\task246.onnx,E:\kongming\NGC-work\workplace C\artifacts\cd_archive_one_round\task246.onnx,,unchanged,,,,,,,,,,,,,,,,
task251,2663,4515,True,True,E:\kongming\NGC-work\workplace C\neurogolf-2026-work\data\external\neurogolf7300_archive\onnx\task251.onnx,E:\kongming\NGC-work\workplace C\artifacts\cd_archive_one_round\task251.onnx,,unchanged,,,,,,,,,,,,,,,,
task252,96,180,True,True,E:\kongming\NGC-work\workplace C\neurogolf-2026-work\data\external\neurogolf7300_archive\onnx\task252.onnx,E:\kongming\NGC-work\workplace C\artifacts\cd_archive_one_round\task252.onnx,,unchanged,,,,,,,,,,,,,,,,
task256,2114,2113,True,True,E:\kongming\NGC-work\workplace C\neurogolf-2026-work\data\external\neurogolf7300_archive\onnx\task256.onnx,E:\kongming\NGC-work\workplace C\artifacts\cd_archive_one_round\task256.onnx,,unchanged,,,,,,,,,,,,,,,,
task263,539,670,True,True,E:\kongming\NGC-work\workplace C\neurogolf-2026-work\data\external\neurogolf7300_archive\onnx\task263.onnx,E:\kongming\NGC-work\workplace C\artifacts\cd_archive_one_round\task263.onnx,,unchanged,,,,,,,,,,,,,,,,
task264,2329,2329,True,True,E:\kongming\NGC-work\workplace C\neurogolf-2026-work\data\external\neurogolf7300_archive\onnx\task264.onnx,E:\kongming\NGC-work\workplace C\artifacts\cd_archive_one_round\task264.onnx,,unchanged,,,,,,,,,,,,,,,,
task276,10,10,True,True,E:\kongming\NGC-work\workplace C\neurogolf-2026-work\data\external\neurogolf7300_archive\onnx\task276.onnx,E:\kongming\NGC-work\workplace C\artifacts\cd_archive_one_round\task276.onnx,,unchanged,,,,,,,,,,,,,,,,
task278,4505,4503,True,True,E:\kongming\NGC-work\workplace C\neurogolf-2026-work\data\external\neurogolf7300_archive\onnx\task278.onnx,E:\kongming\NGC-work\workplace C\artifacts\cd_archive_one_round\task278.onnx,,unchanged,,,,,,,,,,,,,,,,
task282,446,446,True,True,E:\kongming\NGC-work\workplace C\neurogolf-2026-work\data\external\neurogolf7300_archive\onnx\task282.onnx,E:\kongming\NGC-work\workplace C\artifacts\cd_archive_one_round\task282.onnx,,unchanged,,,,,,,,,,,,,,,,
task284,2501,3085,True,True,E:\kongming\NGC-work\workplace C\neurogolf-2026-work\data\external\neurogolf7300_archive\onnx\task284.onnx,E:\kongming\NGC-work\workplace C\artifacts\cd_archive_one_round\task284.onnx,,unchanged,,,,,,,,,,,,,,,,
task286,26909,26879,True,True,E:\kongming\NGC-work\workplace C\neurogolf-2026-work\data\external\neurogolf7300_archive\onnx\task286.onnx,E:\kongming\NGC-work\workplace C\artifacts\cd_archive_one_round\task286.onnx,crop_conv:1,rejected,task286,True,True,265,265,0,26064,815,26879,14.800899408435892,111700,453ec581a0c494ccd1b562f69de45e2c705a874f5681681cd3157030466989c4,,30,0,False
task287,190,910,True,True,E:\kongming\NGC-work\workplace C\neurogolf-2026-work\data\external\neurogolf7300_archive\onnx\task287.onnx,E:\kongming\NGC-work\workplace C\artifacts\cd_archive_one_round\task287.onnx,,unchanged,,,,,,,,,,,,,,,,
task292,80,80,True,True,E:\kongming\NGC-work\workplace C\neurogolf-2026-work\data\external\neurogolf7300_archive\onnx\task292.onnx,E:\kongming\NGC-work\workplace C\artifacts\cd_archive_one_round\task292.onnx,,unchanged,,,,,,,,,,,,,,,,
task296,90,314,True,True,E:\kongming\NGC-work\workplace C\neurogolf-2026-work\data\external\neurogolf7300_archive\onnx\task296.onnx,E:\kongming\NGC-work\workplace C\artifacts\cd_archive_one_round\task296.onnx,,unchanged,,,,,,,,,,,,,,,,
task298,60,129,True,True,E:\kongming\NGC-work\workplace C\neurogolf-2026-work\data\external\neurogolf7300_archive\onnx\task298.onnx,E:\kongming\NGC-work\workplace C\artifacts\cd_archive_one_round\task298.onnx,,unchanged,,,,,,,,,,,,,,,,
task301,1141,1141,True,True,E:\kongming\NGC-work\workplace C\neurogolf-2026-work\data\external\neurogolf7300_archive\onnx\task301.onnx,E:\kongming\NGC-work\workplace C\artifacts\cd_archive_one_round\task301.onnx,,unchanged,,,,,,,,,,,,,,,,
task302,1774,1774,True,True,E:\kongming\NGC-work\workplace C\neurogolf-2026-work\data\external\neurogolf7300_archive\onnx\task302.onnx,E:\kongming\NGC-work\workplace C\artifacts\cd_archive_one_round\task302.onnx,,unchanged,,,,,,,,,,,,,,,,
task304,300,1320,True,True,E:\kongming\NGC-work\workplace C\neurogolf-2026-work\data\external\neurogolf7300_archive\onnx\task304.onnx,E:\kongming\NGC-work\workplace C\artifacts\cd_archive_one_round\task304.onnx,,unchanged,,,,,,,,,,,,,,,,
task307,5,5,True,True,E:\kongming\NGC-work\workplace C\neurogolf-2026-work\data\external\neurogolf7300_archive\onnx\task307.onnx,E:\kongming\NGC-work\workplace C\artifacts\cd_archive_one_round\task307.onnx,,unchanged,,,,,,,,,,,,,,,,
task311,30,30,True,True,E:\kongming\NGC-work\workplace C\neurogolf-2026-work\data\external\neurogolf7300_archive\onnx\task311.onnx,E:\kongming\NGC-work\workplace C\artifacts\cd_archive_one_round\task311.onnx,,unchanged,,,,,,,,,,,,,,,,
task314,100,100,True,True,E:\kongming\NGC-work\workplace C\neurogolf-2026-work\data\external\neurogolf7300_archive\onnx\task314.onnx,E:\kongming\NGC-work\workplace C\artifacts\cd_archive_one_round\task314.onnx,,unchanged,,,,,,,,,,,,,,,,
task315,230,230,True,True,E:\kongming\NGC-work\workplace C\neurogolf-2026-work\data\external\neurogolf7300_archive\onnx\task315.onnx,E:\kongming\NGC-work\workplace C\artifacts\cd_archive_one_round\task315.onnx,,unchanged,,,,,,,,,,,,,,,,
task331,500,910,True,True,E:\kongming\NGC-work\workplace C\neurogolf-2026-work\data\external\neurogolf7300_archive\onnx\task331.onnx,E:\kongming\NGC-work\workplace C\artifacts\cd_archive_one_round\task331.onnx,,unchanged,,,,,,,,,,,,,,,,
task332,80,438,True,True,E:\kongming\NGC-work\workplace C\neurogolf-2026-work\data\external\neurogolf7300_archive\onnx\task332.onnx,E:\kongming\NGC-work\workplace C\artifacts\cd_archive_one_round\task332.onnx,,unchanged,,,,,,,,,,,,,,,,
task335,1010,1324,True,True,E:\kongming\NGC-work\workplace C\neurogolf-2026-work\data\external\neurogolf7300_archive\onnx\task335.onnx,E:\kongming\NGC-work\workplace C\artifacts\cd_archive_one_round\task335.onnx,,unchanged,,,,,,,,,,,,,,,,
task347,143,143,True,True,E:\kongming\NGC-work\workplace C\neurogolf-2026-work\data\external\neurogolf7300_archive\onnx\task347.onnx,E:\kongming\NGC-work\workplace C\artifacts\cd_archive_one_round\task347.onnx,,unchanged,,,,,,,,,,,,,,,,
task349,14892,12480,True,True,E:\kongming\NGC-work\workplace C\neurogolf-2026-work\data\external\neurogolf7300_archive\onnx\task349.onnx,E:\kongming\NGC-work\workplace C\artifacts\cd_archive_one_round\task349.onnx,,unchanged,,,,,,,,,,,,,,,,
task351,995,1229,True,True,E:\kongming\NGC-work\workplace C\neurogolf-2026-work\data\external\neurogolf7300_archive\onnx\task351.onnx,E:\kongming\NGC-work\workplace C\artifacts\cd_archive_one_round\task351.onnx,,unchanged,,,,,,,,,,,,,,,,
task353,244,244,True,True,E:\kongming\NGC-work\workplace C\neurogolf-2026-work\data\external\neurogolf7300_archive\onnx\task353.onnx,E:\kongming\NGC-work\workplace C\artifacts\cd_archive_one_round\task353.onnx,,unchanged,,,,,,,,,,,,,,,,
task356,1220,1319,True,True,E:\kongming\NGC-work\workplace C\neurogolf-2026-work\data\external\neurogolf7300_archive\onnx\task356.onnx,E:\kongming\NGC-work\workplace C\artifacts\cd_archive_one_round\task356.onnx,,unchanged,,,,,,,,,,,,,,,,
task357,279,291,True,True,E:\kongming\NGC-work\workplace C\neurogolf-2026-work\data\external\neurogolf7300_archive\onnx\task357.onnx,E:\kongming\NGC-work\workplace C\artifacts\cd_archive_one_round\task357.onnx,,unchanged,,,,,,,,,,,,,,,,
task358,2584,3798,True,True,E:\kongming\NGC-work\workplace C\neurogolf-2026-work\data\external\neurogolf7300_archive\onnx\task358.onnx,E:\kongming\NGC-work\workplace C\artifacts\cd_archive_one_round\task358.onnx,,unchanged,,,,,,,,,,,,,,,,
task359,4284,4282,True,True,E:\kongming\NGC-work\workplace C\neurogolf-2026-work\data\external\neurogolf7300_archive\onnx\task359.onnx,E:\kongming\NGC-work\workplace C\artifacts\cd_archive_one_round\task359.onnx,,unchanged,,,,,,,,,,,,,,,,
task362,121,521,True,True,E:\kongming\NGC-work\workplace C\neurogolf-2026-work\data\external\neurogolf7300_archive\onnx\task362.onnx,E:\kongming\NGC-work\workplace C\artifacts\cd_archive_one_round\task362.onnx,,unchanged,,,,,,,,,,,,,,,,
task363,4284,4259,True,True,E:\kongming\NGC-work\workplace C\neurogolf-2026-work\data\external\neurogolf7300_archive\onnx\task363.onnx,E:\kongming\NGC-work\workplace C\artifacts\cd_archive_one_round\task363.onnx,,unchanged,,,,,,,,,,,,,,,,
task364,14642,14640,True,True,E:\kongming\NGC-work\workplace C\neurogolf-2026-work\data\external\neurogolf7300_archive\onnx\task364.onnx,E:\kongming\NGC-work\workplace C\artifacts\cd_archive_one_round\task364.onnx,,unchanged,,,,,,,,,,,,,,,,
task372,710,360,True,True,E:\kongming\NGC-work\workplace C\neurogolf-2026-work\data\external\neurogolf7300_archive\onnx\task372.onnx,E:\kongming\NGC-work\workplace C\artifacts\cd_archive_one_round\task372.onnx,,unchanged,,,,,,,,,,,,,,,,
task373,30,60,True,True,E:\kongming\NGC-work\workplace C\neurogolf-2026-work\data\external\neurogolf7300_archive\onnx\task373.onnx,E:\kongming\NGC-work\workplace C\artifacts\cd_archive_one_round\task373.onnx,,unchanged,,,,,,,,,,,,,,,,
task378,1980,3087,True,True,E:\kongming\NGC-work\workplace C\neurogolf-2026-work\data\external\neurogolf7300_archive\onnx\task378.onnx,E:\kongming\NGC-work\workplace C\artifacts\cd_archive_one_round\task378.onnx,,unchanged,,,,,,,,,,,,,,,,
task381,1753,1750,True,True,E:\kongming\NGC-work\workplace C\neurogolf-2026-work\data\external\neurogolf7300_archive\onnx\task381.onnx,E:\kongming\NGC-work\workplace C\artifacts\cd_archive_one_round\task381.onnx,,unchanged,,,,,,,,,,,,,,,,
task382,4206,5640,True,True,E:\kongming\NGC-work\workplace C\neurogolf-2026-work\data\external\neurogolf7300_archive\onnx\task382.onnx,E:\kongming\NGC-work\workplace C\artifacts\cd_archive_one_round\task382.onnx,,unchanged,,,,,,,,,,,,,,,,
task383,3621,5800,True,True,E:\kongming\NGC-work\workplace C\neurogolf-2026-work\data\external\neurogolf7300_archive\onnx\task383.onnx,E:\kongming\NGC-work\workplace C\artifacts\cd_archive_one_round\task383.onnx,,unchanged,,,,,,,,,,,,,,,,
task384,481,481,True,True,E:\kongming\NGC-work\workplace C\neurogolf-2026-work\data\external\neurogolf7300_archive\onnx\task384.onnx,E:\kongming\NGC-work\workplace C\artifacts\cd_archive_one_round\task384.onnx,,unchanged,,,,,,,,,,,,,,,,
task386,211,211,True,True,E:\kongming\NGC-work\workplace C\neurogolf-2026-work\data\external\neurogolf7300_archive\onnx\task386.onnx,E:\kongming\NGC-work\workplace C\artifacts\cd_archive_one_round\task386.onnx,,unchanged,,,,,,,,,,,,,,,,
task388,1102,1822,True,True,E:\kongming\NGC-work\workplace C\neurogolf-2026-work\data\external\neurogolf7300_archive\onnx\task388.onnx,E:\kongming\NGC-work\workplace C\artifacts\cd_archive_one_round\task388.onnx,,unchanged,,,,,,,,,,,,,,,,
task390,2699,2699,True,True,E:\kongming\NGC-work\workplace C\neurogolf-2026-work\data\external\neurogolf7300_archive\onnx\task390.onnx,E:\kongming\NGC-work\workplace C\artifacts\cd_archive_one_round\task390.onnx,,unchanged,,,,,,,,,,,,,,,,
task391,159,159,True,True,E:\kongming\NGC-work\workplace C\neurogolf-2026-work\data\external\neurogolf7300_archive\onnx\task391.onnx,E:\kongming\NGC-work\workplace C\artifacts\cd_archive_one_round\task391.onnx,,unchanged,,,,,,,,,,,,,,,,
task392,1169,1703,True,True,E:\kongming\NGC-work\workplace C\neurogolf-2026-work\data\external\neurogolf7300_archive\onnx\task392.onnx,E:\kongming\NGC-work\workplace C\artifacts\cd_archive_one_round\task392.onnx,,unchanged,,,,,,,,,,,,,,,,
task400,1181,1102,True,True,E:\kongming\NGC-work\workplace C\neurogolf-2026-work\data\external\neurogolf7300_archive\onnx\task400.onnx,E:\kongming\NGC-work\workplace C\artifacts\cd_archive_one_round\task400.onnx,,unchanged,,,,,,,,,,,,,,,,
